total_trips_year,total_person_hours,avg_time_min,avg_dist_km,avg_detour_ratio,efficiency_score,n_nodes
114995636.82000001,221203802.65099776,115.41505857160976,147.88965050544013,2.3613078092234945,0.5198628388926627,30
