id,x_km,y_km,pop
0,128.828707213667,27.24686440380939,832410
1,76.14969792702331,108.82725752763595,222857
2,132.60958106713372,103.6352693651691,384543
3,32.73014522055067,153.37102125970108,558724
4,192.52156273486375,186.77002866371595,481881
5,69.33236807595313,17.940676557185498,361634
6,198.35019845872154,39.15425135400501,537411
7,47.011579121129124,198.8387368594723,289590
8,117.13885370433155,47.03609952339778,731553
9,81.33802032504013,47.79727438853021,300112
