total_trips_year,total_person_hours,avg_time_min,avg_dist_km,avg_detour_ratio,efficiency_score,n_nodes
66727001.09,274613970.2290784,246.9290983348867,317.04626129883803,7.328811849735036,0.2429847288334874,18
