total_trips_year,total_person_hours,avg_time_min,avg_dist_km,avg_detour_ratio,efficiency_score,n_nodes
53743908.480000004,356810677.74118733,398.3454361611632,511.1678806291913,10.683848763634513,0.1506230385823351,15
