purpose,trips,person_hours,avg_time_min,avg_dist_km
work,13056802.0,19443448.419945575,89.34859433395211,119.13145911193614
recreation,5514200.5,10384539.837238511,112.99414851424257,131.82650659994965
family,3608520.3,6500721.037415957,108.08952972911291,135.1119121613911
vacation,2408520.3000000003,4014681.760562527,100.0119889517857,141.68365101502977
tourism,2781988.4000000004,5378481.162109161,115.99935848997416,144.9991981124677
emergency,95284.01000000001,136125.14843474905,85.7175186695537,128.57627800433056
