total_trips_year,total_person_hours,avg_time_min,avg_dist_km,avg_detour_ratio,efficiency_score,n_nodes
27465315.51,45857997.36570648,100.18016508641917,128.41043238296547,2.707494270891479,0.5989209535464606,35
