total_trips_year,total_person_hours,avg_time_min,avg_dist_km,avg_detour_ratio,efficiency_score,n_nodes
72604710.28999999,230960706.3180732,190.86423351506764,244.94508585849766,5.228718445891981,0.3143595785077425,20
