purpose,trips,person_hours,avg_time_min,avg_dist_km
work,34426298.0,41104401.63303618,71.63895746159436,95.51860994879246
recreation,14606574.499999998,21783228.085361347,89.47982192003204,104.3931255733707
family,9563944.7,13611474.694527082,85.39243035058799,106.74053793823497
vacation,6363944.7,8356893.166385507,78.7897465518722,111.61880761515228
tourism,7391816.9,11238937.571539266,91.22740233086076,114.03425291357594
emergency,252131.49,286029.462655175,68.0667367622763,102.10010514341445
