total_trips_year,total_person_hours,avg_time_min,avg_dist_km,avg_detour_ratio,efficiency_score,n_nodes
72604710.28999999,96380964.61350454,79.64852216491468,102.10133141149538,1.6951893675791243,0.7533096455420502,20
