total_trips_year,total_person_hours,avg_time_min,avg_dist_km,avg_detour_ratio,efficiency_score,n_nodes
66727001.09,72359167.9844422,65.06436687017806,83.52038296788847,1.8046026251932186,0.9221637416332211,18
