algo,n,avg_eff,med_eff,avg_time_min,avg_dist_km,avg_detour
V1 Greedy MST,10,0.740011308261068,0.7480947175026195,83.263451737559,106.69698713934922,1.8627839478188715
V0 Random Tree,10,0.18783825016269678,0.16983898540457987,340.42903959535334,436.98625178604806,10.96402300599635
