total_trips_year,total_person_hours,avg_time_min,avg_dist_km,avg_detour_ratio,efficiency_score,n_nodes
101664066.64,742010822.6318125,437.919225831873,562.2622453033417,15.82712146786067,0.1370115684828036,26
