purpose,trips,person_hours,avg_time_min,avg_dist_km
work,8640004.0,8086648.411083947,56.15725463379841,74.87633951173122
recreation,3660001.0,4742128.949342091,77.73979760129176,90.69643053484039
family,2396000.5999999996,3045644.9051800366,76.2682172578764,95.33527157234549
vacation,1596000.6,1980478.9862273443,74.45406923634029,105.47659808481541
tourism,1850736.7,2730120.0106278015,88.50918698357691,110.63648372947114
emergency,63200.020000000004,60625.51073063152,57.5558464038127,86.33376960571906
