total_trips_year,total_person_hours,avg_time_min,avg_dist_km,avg_detour_ratio,efficiency_score,n_nodes
18205942.92,20645646.77319185,68.04035428622068,87.10673678314107,1.5615770522402055,0.8818296234555472,28
