total_trips_year,total_person_hours,avg_time_min,avg_dist_km,avg_detour_ratio,efficiency_score,n_nodes
27465315.51,175721422.16246253,383.8763594726952,492.77677714923,13.557870360321028,0.15630032566323676,35
