total_trips_year,total_person_hours,avg_time_min,avg_dist_km,avg_detour_ratio,efficiency_score,n_nodes
114995636.82000001,732935900.08214,382.4158482966032,490.78402830790594,10.702148933700158,0.15689726319465655,30
