purpose,trips,person_hours,avg_time_min,avg_dist_km
work,48435528.0,53622350.74895309,66.4252291197731,88.56697215969747
recreation,20358882.0,29165220.839786917,85.95330776941557,100.2788590643182
family,13315329.200000001,18337864.770525496,82.6319702431037,103.28996280387963
vacation,8915329.200000001,11442380.561481897,77.00700874723883,109.09326239192167
tourism,10286820.6,15408226.410859015,89.87165428466216,112.33956785582772
emergency,352177.64,380661.64543248335,64.85277919957952,97.27916879936926
