total_trips_year,total_person_hours,avg_time_min,avg_dist_km,avg_detour_ratio,efficiency_score,n_nodes
101664066.64,128356704.9770389,75.75343534007519,97.07630807321064,1.7823728788817133,0.7920432879465563,26
