total_trips_year,total_person_hours,avg_time_min,avg_dist_km,avg_detour_ratio,efficiency_score,n_nodes
18205942.92,131943732.76576747,434.83734958046585,558.2380473458903,17.20519428931911,0.13798262743043674,28
