purpose,trips,person_hours,avg_time_min,avg_dist_km
work,43207876.0,50537316.113093704,70.17792234882414,93.57056313176551
recreation,18301969.0,27943802.255169794,91.6091670415455,106.87736154846976
family,11981181.4,17639799.116911206,88.33752796820791,110.4219099602599
vacation,7981181.4,11083403.919285426,83.32152870966264,118.03883233868874
tourism,9252345.7,14983381.018994099,97.16485854388753,121.45607317985942
emergency,316039.38,363205.7736670177,68.95452845155265,103.43179267732899
