total_trips_year,total_person_hours,avg_time_min,avg_dist_km,avg_detour_ratio,efficiency_score,n_nodes
91040592.88,122550908.19712123,80.76676852840015,103.4765648142116,1.5402670969279486,0.7428797894631888,24
