total_trips_year,total_person_hours,avg_time_min,avg_dist_km,avg_detour_ratio,efficiency_score,n_nodes
45388800.07,248323801.03116807,328.2622153238625,421.37111250245954,9.140154731686158,0.1827807076145032,22
