total_trips_year,total_person_hours,avg_time_min,avg_dist_km,avg_detour_ratio,efficiency_score,n_nodes
8877330.38,11100126.606063427,75.0234099503916,96.10042504773097,1.9035559241829938,0.7997503717796131,32
