purpose,trips,person_hours,avg_time_min,avg_dist_km
work,43207876.0,211237743.48645464,293.3322760227158,391.109701363621
recreation,18301969.0,100444863.95423096,329.29199242190055,384.1739911588838
family,11981181.4,61156233.00859125,306.26144935218787,382.8268116902348
vacation,7981181.4,35914866.65770093,269.9966197312663,382.4952112859607
tourism,9252345.7,46825689.01013197,303.6571948028183,379.57149350352296
emergency,316039.38,1354890.135106628,257.2255650748261,385.8383476122391
