total_trips_year,total_person_hours,avg_time_min,avg_dist_km,avg_detour_ratio,efficiency_score,n_nodes
91040592.88,456934286.25221634,301.1410219095333,386.67924682325463,8.471652117825045,0.19924220094472808,24
