total_trips_year,total_person_hours,avg_time_min,avg_dist_km,avg_detour_ratio,efficiency_score,n_nodes
45388800.07,65279479.7684526,86.29372841023766,110.57794742229419,1.7366423307002843,0.6952996597245387,22
