total_trips_year,total_person_hours,avg_time_min,avg_dist_km,avg_detour_ratio,efficiency_score,n_nodes
8877330.38,44342207.179615185,299.6996075273827,384.59183264187135,11.494709099989805,0.2002004623730379,32
