purpose,trips,person_hours,avg_time_min,avg_dist_km
work,25408256.0,31640499.18497448,74.7170506743347,99.62273423244628
recreation,10852064.0,17797878.89991486,98.40273094545809,114.80318610303443
family,7111238.4,11254356.392486777,94.95693233251843,118.69616541564804
vacation,4711238.4,6970909.449225225,88.77805185012787,125.76890678768113
tourism,5474070.4,9540778.36546032,104.57423089180935,130.71778861476167
emergency,187041.28000000003,230435.37375764523,73.92016578083037,110.88024867124555
