total_trips_year,total_person_hours,avg_time_min,avg_dist_km,avg_detour_ratio,efficiency_score,n_nodes
53743908.480000004,77434857.66581932,86.44870816714294,110.71009198511427,1.5348301223682537,0.6940531706268405,15
